,epoch,train_epoch_loss_avg_over_batch,train_acc,train_acc_clean_only,train_asr_bd_only,train_ra_bd_only,train_cross_acc_only,clean_test_loss_avg_over_batch,bd_test_loss_avg_over_batch,cross_test_loss_avg_over_batch,ra_test_loss_avg_over_batch,test_acc,test_asr,test_ra,test_cross_acc
last,39,0.21255383469030986,0.9252,0.9341329029385574,0.9061433447098977,0.18664675767918087,0.900490614334471,0.4135199457029753,0.07590109916587531,0.4781218640789201,10.300730047091632,0.8738,0.9741111111111111,0.024444444444444446,0.8566
valid_max,39,1.5811169812136598,0.9252,0.9341329029385574,0.9061433447098977,0.5834044368600683,0.900490614334471,1.5093200478372695,2.500186282144466,1.6076264924640897,13.528758304219851,0.8913,0.9918888888888889,0.4901111111111111,0.8668
exist_nan_value,False,False,False,False,False,False,False,False,False,False,False,False,False,False,False
