,clean_test_loss_avg_over_batch,bd_test_loss_avg_over_batch,test_acc,test_asr,test_ra
0,0.4222383931279182,0.07600772784401973,0.8738,0.9741111111111111,0.024444444444444446
