,epoch,batch,train_epoch_loss_avg_over_batch,train_acc,train_acc_clean_only,train_asr_bd_only,train_ra_bd_only,clean_test_loss_avg_over_batch,bd_test_loss_avg_over_batch,test_acc,test_asr,test_ra
last,39,390,0.18381306431614436,0.9439102564102564,0.9765656295900654,0.6496189330124348,0.4149618933012435,0.37049055589905266,0.18552443618610712,0.9044,0.9403333333333334,0.05611111111111111
valid_max,39,390,1.5887512745001378,0.9439102564102564,0.9765826729587748,0.6562374649017249,0.5954290296712109,1.3278451162048532,1.8299615047347377,0.9055,0.9746666666666667,0.5173333333333333
exist_nan_value,False,False,False,False,False,False,False,False,False,False,False,False
