,epoch,batch,train_epoch_loss_avg_over_batch,train_acc,train_acc_clean_only,train_asr_bd_only,train_ra_bd_only,clean_test_loss_avg_over_batch,bd_test_loss_avg_over_batch,test_acc,test_asr,test_ra
last,9,390,0.010368851463770111,0.9967948717948718,0.9964833403814908,0.999599278701663,0.10098176718092566,0.0721705262608166,0.0022343697492033243,0.9816,0.9995555555555555,0.00044444444444444447
valid_max,9,390,0.3374355826144799,0.9970352564102564,0.9967280254635297,0.9997997196074504,0.1208174714486075,0.10721524031479147,0.011371943496272598,0.9816,1.0,0.001
exist_nan_value,False,False,False,False,False,False,False,False,False,False,False,False
