,epoch,batch,train_epoch_loss_avg_over_batch,train_acc,train_acc_clean_only,clean_test_loss_avg_over_batch,bd_test_loss_avg_over_batch,test_acc,test_asr,test_ra
last,19,20,0.00370400981628336,0.9992,0.9992,0.23644310803022944,4.5240803033533235,0.9355,0.11377777777777778,0.7856666666666666
valid_max,19,20,7.80548528432846,0.9992,0.9992,7.268844701066802,6.638472590647953,0.9368,0.8801111111111111,0.8727777777777778
exist_nan_value,False,False,False,False,False,False,False,False,False,False
