,clean_test_loss_avg_over_batch,bd_test_loss_avg_over_batch,test_acc,test_asr,test_ra
0,1.3778395786881448,0.09040820663277474,0.8252,0.9748888888888889,0.023666666666666666
