,epoch,batch,train_epoch_loss_avg_over_batch,train_acc,train_acc_clean_only,train_asr_bd_only,train_ra_bd_only,clean_test_loss_avg_over_batch,bd_test_loss_avg_over_batch,test_acc,test_asr,test_ra
last,39,390,0.05483126288685852,0.9804286858974359,0.9783905283304402,0.9987966305655837,0.10148415563578018,0.3594444529919685,0.01158660131908327,0.9109,0.9966666666666667,0.003
valid_max,39,390,1.4548473682159033,0.9804286858974359,0.9784524975514202,0.9989985980372521,0.2051693047485474,1.2155587808995307,0.3417858023353865,0.9109,0.9992222222222222,0.056
exist_nan_value,False,False,False,False,False,False,False,False,False,False,False,False
