,epoch,batch,train_epoch_loss_avg_over_batch,train_acc,train_acc_clean_only,train_asr_bd_only,train_ra_bd_only,clean_test_loss_avg_over_batch,bd_test_loss_avg_over_batch,test_acc,test_asr,test_ra
last,39,390,0.05577529402664648,0.9811097756410256,0.9790767039131015,0.999399279134962,0.10112134561473768,0.3798965051581588,0.00041573571360097646,0.909,0.9997777777777778,0.00022222222222222223
valid_max,39,390,1.345744948509412,0.9811097756410256,0.9790767039131015,0.9997998799279568,0.10432519022827393,1.3152570467960985,0.5098824589185311,0.909,1.0,0.11322222222222222
exist_nan_value,False,False,False,False,False,False,False,False,False,False,False,False
