,epoch,train_epoch_loss_avg_over_batch,train_acc,train_acc_clean_only,train_asr_bd_only,train_ra_bd_only,train_cross_acc_only,clean_test_loss_avg_over_batch,bd_test_loss_avg_over_batch,cross_test_loss_avg_over_batch,ra_test_loss_avg_over_batch,test_acc,test_asr,test_ra,test_cross_acc
last,9,0.15389286402774893,0.94322,0.9679986642920748,0.7052047781569966,0.39547781569965873,0.9672568259385665,0.17155022013791,0.3820906182829763,0.17544878028993366,2.8792515103246124,0.9445,0.8473333333333334,0.148,0.9468
valid_max,9,0.49237187446840586,0.94322,0.9679986642920748,0.7052047781569966,0.7977815699658704,0.9672568259385665,0.24132362668272817,1.7614484404174375,0.24744308853073965,2.8792515103246124,0.9595,0.9047777777777778,0.7455555555555555,0.9468
exist_nan_value,False,False,False,False,False,False,False,False,False,False,False,False,False,False,False
