,epoch,batch,train_epoch_loss_avg_over_batch,train_acc,train_acc_clean_only,train_asr_bd_only,train_ra_bd_only,clean_test_loss_avg_over_batch,bd_test_loss_avg_over_batch,test_acc,test_asr,test_ra
last,39,390,0.05166460460720536,0.9820713141025641,0.9801224262659989,0.9995995995995997,0.9995995995995997,1.3675167643571202,0.09320303168997142,0.8252,0.9748888888888889,0.023666666666666666
valid_max,39,390,1.2365396543955192,0.9820713141025641,0.9801224262659989,1.0,1.0,1.8581872574890717,0.6388694669159365,0.8283,0.9987777777777778,0.11911111111111111
exist_nan_value,False,False,False,False,False,False,False,False,False,False,False,False
