,epoch,batch,train_epoch_loss_avg_over_batch,train_acc,train_acc_clean_only,train_asr_bd_only,train_ra_bd_only,clean_test_loss_avg_over_batch,bd_test_loss_avg_over_batch,test_acc,test_asr,test_ra
last,9,390,0.14939193786718907,0.9547275641025641,0.9875358899597142,0.6593868964135444,0.424764576237227,0.1593482556128049,0.18632069660324446,0.9585,0.9344444444444444,0.06355555555555556
valid_max,9,390,0.3758521529344412,0.9547275641025641,0.9884924432969039,0.6593868964135444,0.5141254257663794,0.16253282756933682,0.31639038907809997,0.9611,0.9545555555555556,0.0961111111111111
exist_nan_value,False,False,False,False,False,False,False,False,False,False,False,False
